title,price,date
Samsung Galaxy A15 4G Dual SIM 128 GB Azul escuro 4 GB RAM,865.22,2024-06-11
Samsung Galaxy A15 4G Dual SIM 128 GB Azul escuro 4 GB RAM,925.42,2024-06-10
Samsung Galaxy A15 4G Dual SIM 128 GB Azul escuro 4 GB RAM,871.27,2024-06-09
Samsung Galaxy A15 4G Dual SIM 128 GB Azul escuro 4 GB RAM,923.84,2024-06-08
Samsung Galaxy A15 4G Dual SIM 128 GB Azul escuro 4 GB RAM,807.93,2024-06-07
Samsung Galaxy A15 4G Dual SIM 128 GB Azul escuro 4 GB RAM,910.36,2024-06-06
Samsung Galaxy A15 4G Dual SIM 128 GB Azul escuro 4 GB RAM,901.86,2024-06-05
Tênis Grand Court Cloudfoam Comfort adidas,198.3,2024-06-11
Tênis Grand Court Cloudfoam Comfort adidas,187.7,2024-06-10
Tênis Grand Court Cloudfoam Comfort adidas,180.84,2024-06-09
Tênis Grand Court Cloudfoam Comfort adidas,207.2,2024-06-08
Tênis Grand Court Cloudfoam Comfort adidas,203.11,2024-06-07
Tênis Grand Court Cloudfoam Comfort adidas,195.38,2024-06-06
Tênis Grand Court Cloudfoam Comfort adidas,187.26,2024-06-05
"Monitor Gamer Samsung T350 24” FHD, Tela Plana, 75Hz, 5ms, HDMI, FreeSync, Game Mode",608.31,2024-06-11
"Monitor Gamer Samsung T350 24” FHD, Tela Plana, 75Hz, 5ms, HDMI, FreeSync, Game Mode",614.31,2024-06-10
"Monitor Gamer Samsung T350 24” FHD, Tela Plana, 75Hz, 5ms, HDMI, FreeSync, Game Mode",575.41,2024-06-09
"Monitor Gamer Samsung T350 24” FHD, Tela Plana, 75Hz, 5ms, HDMI, FreeSync, Game Mode",638.05,2024-06-08
"Monitor Gamer Samsung T350 24” FHD, Tela Plana, 75Hz, 5ms, HDMI, FreeSync, Game Mode",541.71,2024-06-07
"Monitor Gamer Samsung T350 24” FHD, Tela Plana, 75Hz, 5ms, HDMI, FreeSync, Game Mode",646.72,2024-06-06
"Monitor Gamer Samsung T350 24” FHD, Tela Plana, 75Hz, 5ms, HDMI, FreeSync, Game Mode",582.62,2024-06-05
Notebook Acer Asp3 A315-510p-34xc I3 8gb 256gb Ssd 15.6 W11,2407.69,2024-06-11
Notebook Acer Asp3 A315-510p-34xc I3 8gb 256gb Ssd 15.6 W11,2077.4,2024-06-10
Notebook Acer Asp3 A315-510p-34xc I3 8gb 256gb Ssd 15.6 W11,2252.15,2024-06-09
Notebook Acer Asp3 A315-510p-34xc I3 8gb 256gb Ssd 15.6 W11,2049.35,2024-06-08
Notebook Acer Asp3 A315-510p-34xc I3 8gb 256gb Ssd 15.6 W11,2107.77,2024-06-07
Notebook Acer Asp3 A315-510p-34xc I3 8gb 256gb Ssd 15.6 W11,2077.76,2024-06-06
Notebook Acer Asp3 A315-510p-34xc I3 8gb 256gb Ssd 15.6 W11,2168.44,2024-06-05
Mondial  Cozinha 4675-02 AFN-40-BFT Preto 110V,303.35,2024-06-11
Mondial  Cozinha 4675-02 AFN-40-BFT Preto 110V,277.33,2024-06-10
Mondial  Cozinha 4675-02 AFN-40-BFT Preto 110V,273.26,2024-06-09
Mondial  Cozinha 4675-02 AFN-40-BFT Preto 110V,284.18,2024-06-08
Mondial  Cozinha 4675-02 AFN-40-BFT Preto 110V,278.57,2024-06-07
Mondial  Cozinha 4675-02 AFN-40-BFT Preto 110V,326.05,2024-06-06
Mondial  Cozinha 4675-02 AFN-40-BFT Preto 110V,319.08,2024-06-05
Samsung Galaxy A15 4G Dual SIM 128 GB Azul claro 4 GB RAM,915.46,2024-06-11
Samsung Galaxy A15 4G Dual SIM 128 GB Azul claro 4 GB RAM,936.62,2024-06-10
Samsung Galaxy A15 4G Dual SIM 128 GB Azul claro 4 GB RAM,926.73,2024-06-09
Samsung Galaxy A15 4G Dual SIM 128 GB Azul claro 4 GB RAM,795.2,2024-06-08
Samsung Galaxy A15 4G Dual SIM 128 GB Azul claro 4 GB RAM,903.32,2024-06-07
Samsung Galaxy A15 4G Dual SIM 128 GB Azul claro 4 GB RAM,878.28,2024-06-06
Samsung Galaxy A15 4G Dual SIM 128 GB Azul claro 4 GB RAM,782.93,2024-06-05
Impressora Multifuncional 3 Em 1 Ecotank L3250 Preta Epson Cor Preto Bivolt,1033.85,2024-06-11
Impressora Multifuncional 3 Em 1 Ecotank L3250 Preta Epson Cor Preto Bivolt,914.42,2024-06-10
Impressora Multifuncional 3 Em 1 Ecotank L3250 Preta Epson Cor Preto Bivolt,992.21,2024-06-09
Impressora Multifuncional 3 Em 1 Ecotank L3250 Preta Epson Cor Preto Bivolt,1088.58,2024-06-08
Impressora Multifuncional 3 Em 1 Ecotank L3250 Preta Epson Cor Preto Bivolt,961.14,2024-06-07
Impressora Multifuncional 3 Em 1 Ecotank L3250 Preta Epson Cor Preto Bivolt,958.14,2024-06-06
Impressora Multifuncional 3 Em 1 Ecotank L3250 Preta Epson Cor Preto Bivolt,951.22,2024-06-05
Philco  PMO23EB Branco 220V,475.61,2024-06-11
Philco  PMO23EB Branco 220V,544.84,2024-06-10
Philco  PMO23EB Branco 220V,502.22,2024-06-09
Philco  PMO23EB Branco 220V,482.16,2024-06-08
Philco  PMO23EB Branco 220V,502.81,2024-06-07
Philco  PMO23EB Branco 220V,495.09,2024-06-06
Philco  PMO23EB Branco 220V,534.43,2024-06-05
Notebook Samsung Galaxy Book2 I5-1235u Windows 11 Home 8gb 256gb Ssd Grafite,2812.99,2024-06-11
Notebook Samsung Galaxy Book2 I5-1235u Windows 11 Home 8gb 256gb Ssd Grafite,2767.19,2024-06-10
Notebook Samsung Galaxy Book2 I5-1235u Windows 11 Home 8gb 256gb Ssd Grafite,3024.9,2024-06-09
Notebook Samsung Galaxy Book2 I5-1235u Windows 11 Home 8gb 256gb Ssd Grafite,2642.56,2024-06-08
Notebook Samsung Galaxy Book2 I5-1235u Windows 11 Home 8gb 256gb Ssd Grafite,2902.53,2024-06-07
Notebook Samsung Galaxy Book2 I5-1235u Windows 11 Home 8gb 256gb Ssd Grafite,2738.49,2024-06-06
Notebook Samsung Galaxy Book2 I5-1235u Windows 11 Home 8gb 256gb Ssd Grafite,3014.87,2024-06-05
Notebook Acer A315-24p-r611 R5 8gb 256gb Ssd 15.6'' W11h Cor Prateado,2580.33,2024-06-11
Notebook Acer A315-24p-r611 R5 8gb 256gb Ssd 15.6'' W11h Cor Prateado,2716.53,2024-06-10
Notebook Acer A315-24p-r611 R5 8gb 256gb Ssd 15.6'' W11h Cor Prateado,2510.88,2024-06-09
Notebook Acer A315-24p-r611 R5 8gb 256gb Ssd 15.6'' W11h Cor Prateado,2459.64,2024-06-08
Notebook Acer A315-24p-r611 R5 8gb 256gb Ssd 15.6'' W11h Cor Prateado,2594.92,2024-06-07
Notebook Acer A315-24p-r611 R5 8gb 256gb Ssd 15.6'' W11h Cor Prateado,2277.77,2024-06-06
Notebook Acer A315-24p-r611 R5 8gb 256gb Ssd 15.6'' W11h Cor Prateado,2266.01,2024-06-05
Fritadeira Air Fryer Oven Philco Pfr2200 4 Em 1 12l 1800w Cor Preta 110V,639.08,2024-06-11
Fritadeira Air Fryer Oven Philco Pfr2200 4 Em 1 12l 1800w Cor Preta 110V,747.31,2024-06-10
Fritadeira Air Fryer Oven Philco Pfr2200 4 Em 1 12l 1800w Cor Preta 110V,694.22,2024-06-09
Fritadeira Air Fryer Oven Philco Pfr2200 4 Em 1 12l 1800w Cor Preta 110V,739.91,2024-06-08
Fritadeira Air Fryer Oven Philco Pfr2200 4 Em 1 12l 1800w Cor Preta 110V,668.74,2024-06-07
Fritadeira Air Fryer Oven Philco Pfr2200 4 Em 1 12l 1800w Cor Preta 110V,729.3,2024-06-06
Fritadeira Air Fryer Oven Philco Pfr2200 4 Em 1 12l 1800w Cor Preta 110V,694.07,2024-06-05
Kit Com 5 Camisetas Masculinas Básicas Hering,134.31,2024-06-11
Kit Com 5 Camisetas Masculinas Básicas Hering,145.5,2024-06-10
Kit Com 5 Camisetas Masculinas Básicas Hering,133.5,2024-06-09
Kit Com 5 Camisetas Masculinas Básicas Hering,134.99,2024-06-08
Kit Com 5 Camisetas Masculinas Básicas Hering,149.95,2024-06-07
Kit Com 5 Camisetas Masculinas Básicas Hering,147.97,2024-06-06
Kit Com 5 Camisetas Masculinas Básicas Hering,154.62,2024-06-05
Creatina Monohidratada 500g Soldiers Nutrition Sabor Natural,94.2,2024-06-11
Creatina Monohidratada 500g Soldiers Nutrition Sabor Natural,105.42,2024-06-10
Creatina Monohidratada 500g Soldiers Nutrition Sabor Natural,107.52,2024-06-09
Creatina Monohidratada 500g Soldiers Nutrition Sabor Natural,91.4,2024-06-08
Creatina Monohidratada 500g Soldiers Nutrition Sabor Natural,90.78,2024-06-07
Creatina Monohidratada 500g Soldiers Nutrition Sabor Natural,109.55,2024-06-06
Creatina Monohidratada 500g Soldiers Nutrition Sabor Natural,95.46,2024-06-05
Kit 5 Camisetas Básicas Masculina Dry Fit Lisa Tradicional,63.11,2024-06-11
Kit 5 Camisetas Básicas Masculina Dry Fit Lisa Tradicional,65.12,2024-06-10
Kit 5 Camisetas Básicas Masculina Dry Fit Lisa Tradicional,64.03,2024-06-09
Kit 5 Camisetas Básicas Masculina Dry Fit Lisa Tradicional,65.28,2024-06-08
Kit 5 Camisetas Básicas Masculina Dry Fit Lisa Tradicional,56.85,2024-06-07
Kit 5 Camisetas Básicas Masculina Dry Fit Lisa Tradicional,55.74,2024-06-06
Kit 5 Camisetas Básicas Masculina Dry Fit Lisa Tradicional,54.75,2024-06-05
Motorola Moto G54 5G 256 GB Azul 8 GB RAM,1107.26,2024-06-11
Motorola Moto G54 5G 256 GB Azul 8 GB RAM,1217.08,2024-06-10
Motorola Moto G54 5G 256 GB Azul 8 GB RAM,1029.15,2024-06-09
Motorola Moto G54 5G 256 GB Azul 8 GB RAM,1200.81,2024-06-08
Motorola Moto G54 5G 256 GB Azul 8 GB RAM,1046.59,2024-06-07
Motorola Moto G54 5G 256 GB Azul 8 GB RAM,1144.67,2024-06-06
Motorola Moto G54 5G 256 GB Azul 8 GB RAM,1060.84,2024-06-05
Smart Tv 50pug7408/78 50 4k Google Tv Uhd Led Philips,2053.18,2024-06-11
Smart Tv 50pug7408/78 50 4k Google Tv Uhd Led Philips,2042.54,2024-06-10
Smart Tv 50pug7408/78 50 4k Google Tv Uhd Led Philips,1850.11,2024-06-09
Smart Tv 50pug7408/78 50 4k Google Tv Uhd Led Philips,2096.72,2024-06-08
Smart Tv 50pug7408/78 50 4k Google Tv Uhd Led Philips,1930.84,2024-06-07
Smart Tv 50pug7408/78 50 4k Google Tv Uhd Led Philips,2054.38,2024-06-06
Smart Tv 50pug7408/78 50 4k Google Tv Uhd Led Philips,2120.17,2024-06-05
Impressora a cor multifuncional Epson EcoTank L3250 com wifi preta 110V,1007.33,2024-06-11
Impressora a cor multifuncional Epson EcoTank L3250 com wifi preta 110V,968.25,2024-06-10
Impressora a cor multifuncional Epson EcoTank L3250 com wifi preta 110V,1003.54,2024-06-09
Impressora a cor multifuncional Epson EcoTank L3250 com wifi preta 110V,1050.33,2024-06-08
Impressora a cor multifuncional Epson EcoTank L3250 com wifi preta 110V,930.35,2024-06-07
Impressora a cor multifuncional Epson EcoTank L3250 com wifi preta 110V,1076.09,2024-06-06
Impressora a cor multifuncional Epson EcoTank L3250 com wifi preta 110V,1035.03,2024-06-05
Mercado Pago: Point Pro2 - A Maquininha De Cartão + Completa,117.5,2024-06-11
Mercado Pago: Point Pro2 - A Maquininha De Cartão + Completa,129.9,2024-06-10
Mercado Pago: Point Pro2 - A Maquininha De Cartão + Completa,123.73,2024-06-09
Mercado Pago: Point Pro2 - A Maquininha De Cartão + Completa,124.04,2024-06-08
Mercado Pago: Point Pro2 - A Maquininha De Cartão + Completa,118.49,2024-06-07
Mercado Pago: Point Pro2 - A Maquininha De Cartão + Completa,119.02,2024-06-06
Mercado Pago: Point Pro2 - A Maquininha De Cartão + Completa,110.34,2024-06-05
Tênis Under Armour Essential 2 Original Academia Masculino,197.52,2024-06-11
Tênis Under Armour Essential 2 Original Academia Masculino,200.56,2024-06-10
Tênis Under Armour Essential 2 Original Academia Masculino,196.09,2024-06-09
Tênis Under Armour Essential 2 Original Academia Masculino,182.31,2024-06-08
Tênis Under Armour Essential 2 Original Academia Masculino,192.78,2024-06-07
Tênis Under Armour Essential 2 Original Academia Masculino,204.37,2024-06-06
Tênis Under Armour Essential 2 Original Academia Masculino,175.52,2024-06-05
Smart Tv 43'' Android Dolby Aws-tv-43-bl-02-a Aiwa Bivolt,1535.48,2024-06-11
Smart Tv 43'' Android Dolby Aws-tv-43-bl-02-a Aiwa Bivolt,1309.67,2024-06-10
Smart Tv 43'' Android Dolby Aws-tv-43-bl-02-a Aiwa Bivolt,1369.03,2024-06-09
Smart Tv 43'' Android Dolby Aws-tv-43-bl-02-a Aiwa Bivolt,1370.96,2024-06-08
Smart Tv 43'' Android Dolby Aws-tv-43-bl-02-a Aiwa Bivolt,1349.1,2024-06-07
Smart Tv 43'' Android Dolby Aws-tv-43-bl-02-a Aiwa Bivolt,1312.97,2024-06-06
Smart Tv 43'' Android Dolby Aws-tv-43-bl-02-a Aiwa Bivolt,1427.21,2024-06-05
Micro-ondas Electrolux de bancada Branco com Função Tira Odor e Manter Aquecido 34L MEO44 127v,755.45,2024-06-11
Micro-ondas Electrolux de bancada Branco com Função Tira Odor e Manter Aquecido 34L MEO44 127v,761.79,2024-06-10
Micro-ondas Electrolux de bancada Branco com Função Tira Odor e Manter Aquecido 34L MEO44 127v,636.99,2024-06-09
Micro-ondas Electrolux de bancada Branco com Função Tira Odor e Manter Aquecido 34L MEO44 127v,673.61,2024-06-08
Micro-ondas Electrolux de bancada Branco com Função Tira Odor e Manter Aquecido 34L MEO44 127v,679.37,2024-06-07
Micro-ondas Electrolux de bancada Branco com Função Tira Odor e Manter Aquecido 34L MEO44 127v,638.08,2024-06-06
Micro-ondas Electrolux de bancada Branco com Função Tira Odor e Manter Aquecido 34L MEO44 127v,748.81,2024-06-05
Darrow Actine gel de limpieza facial com vitamina C 400gr,56.97,2024-06-11
Darrow Actine gel de limpieza facial com vitamina C 400gr,58.18,2024-06-10
Darrow Actine gel de limpieza facial com vitamina C 400gr,54.74,2024-06-09
Darrow Actine gel de limpieza facial com vitamina C 400gr,58.04,2024-06-08
Darrow Actine gel de limpieza facial com vitamina C 400gr,57.6,2024-06-07
Darrow Actine gel de limpieza facial com vitamina C 400gr,60.53,2024-06-06
Darrow Actine gel de limpieza facial com vitamina C 400gr,55.52,2024-06-05
Creatina Monohidratada 600g 100% Pura Soldiers Nutrition,110.5,2024-06-11
Creatina Monohidratada 600g 100% Pura Soldiers Nutrition,119.82,2024-06-10
Creatina Monohidratada 600g 100% Pura Soldiers Nutrition,120.48,2024-06-09
Creatina Monohidratada 600g 100% Pura Soldiers Nutrition,110.86,2024-06-08
Creatina Monohidratada 600g 100% Pura Soldiers Nutrition,123.51,2024-06-07
Creatina Monohidratada 600g 100% Pura Soldiers Nutrition,109.44,2024-06-06
Creatina Monohidratada 600g 100% Pura Soldiers Nutrition,108.0,2024-06-05
Kit Com 10 Cuecas Boxer Algodão Sem Costura Zorba,167.81,2024-06-11
Kit Com 10 Cuecas Boxer Algodão Sem Costura Zorba,169.85,2024-06-10
Kit Com 10 Cuecas Boxer Algodão Sem Costura Zorba,159.37,2024-06-09
Kit Com 10 Cuecas Boxer Algodão Sem Costura Zorba,169.35,2024-06-08
Kit Com 10 Cuecas Boxer Algodão Sem Costura Zorba,166.61,2024-06-07
Kit Com 10 Cuecas Boxer Algodão Sem Costura Zorba,168.02,2024-06-06
Kit Com 10 Cuecas Boxer Algodão Sem Costura Zorba,164.42,2024-06-05
Smartphone Motorola Moto g04s 128GB 8GB Ram Boost Camera 16MP com Moto AI sensor FPS lateral - Grafite,760.51,2024-06-11
Smartphone Motorola Moto g04s 128GB 8GB Ram Boost Camera 16MP com Moto AI sensor FPS lateral - Grafite,707.61,2024-06-10
Smartphone Motorola Moto g04s 128GB 8GB Ram Boost Camera 16MP com Moto AI sensor FPS lateral - Grafite,754.23,2024-06-09
Smartphone Motorola Moto g04s 128GB 8GB Ram Boost Camera 16MP com Moto AI sensor FPS lateral - Grafite,683.47,2024-06-08
Smartphone Motorola Moto g04s 128GB 8GB Ram Boost Camera 16MP com Moto AI sensor FPS lateral - Grafite,641.61,2024-06-07
Smartphone Motorola Moto g04s 128GB 8GB Ram Boost Camera 16MP com Moto AI sensor FPS lateral - Grafite,658.2,2024-06-06
Smartphone Motorola Moto g04s 128GB 8GB Ram Boost Camera 16MP com Moto AI sensor FPS lateral - Grafite,634.15,2024-06-05
Smart TV LG 32’’ LED HD 32LQ621 Bivolt Preta - Experiência Visual Incrível,1021.89,2024-06-11
Smart TV LG 32’’ LED HD 32LQ621 Bivolt Preta - Experiência Visual Incrível,1102.55,2024-06-10
Smart TV LG 32’’ LED HD 32LQ621 Bivolt Preta - Experiência Visual Incrível,1025.92,2024-06-09
Smart TV LG 32’’ LED HD 32LQ621 Bivolt Preta - Experiência Visual Incrível,988.1,2024-06-08
Smart TV LG 32’’ LED HD 32LQ621 Bivolt Preta - Experiência Visual Incrível,1064.83,2024-06-07
Smart TV LG 32’’ LED HD 32LQ621 Bivolt Preta - Experiência Visual Incrível,1084.07,2024-06-06
Smart TV LG 32’’ LED HD 32LQ621 Bivolt Preta - Experiência Visual Incrível,1178.58,2024-06-05
Kit Com 5 Camisetas Masculinas Básicas Hering,134.98,2024-06-11
Kit Com 5 Camisetas Masculinas Básicas Hering,128.99,2024-06-10
Kit Com 5 Camisetas Masculinas Básicas Hering,144.51,2024-06-09
Kit Com 5 Camisetas Masculinas Básicas Hering,143.59,2024-06-08
Kit Com 5 Camisetas Masculinas Básicas Hering,135.35,2024-06-07
Kit Com 5 Camisetas Masculinas Básicas Hering,146.04,2024-06-06
Kit Com 5 Camisetas Masculinas Básicas Hering,144.54,2024-06-05
Lavadora De Alta Pressão 1500w 1750psi Wap Ousada Plus 2200 110V,467.9,2024-06-11
Lavadora De Alta Pressão 1500w 1750psi Wap Ousada Plus 2200 110V,464.12,2024-06-10
Lavadora De Alta Pressão 1500w 1750psi Wap Ousada Plus 2200 110V,453.21,2024-06-09
Lavadora De Alta Pressão 1500w 1750psi Wap Ousada Plus 2200 110V,526.05,2024-06-08
Lavadora De Alta Pressão 1500w 1750psi Wap Ousada Plus 2200 110V,503.08,2024-06-07
Lavadora De Alta Pressão 1500w 1750psi Wap Ousada Plus 2200 110V,456.8,2024-06-06
Lavadora De Alta Pressão 1500w 1750psi Wap Ousada Plus 2200 110V,524.8,2024-06-05
"Sofá Retrátil/reclinável Verona 2,00m Velut Cinza C/ Molas",1102.82,2024-06-11
"Sofá Retrátil/reclinável Verona 2,00m Velut Cinza C/ Molas",1083.95,2024-06-10
"Sofá Retrátil/reclinável Verona 2,00m Velut Cinza C/ Molas",1073.9,2024-06-09
"Sofá Retrátil/reclinável Verona 2,00m Velut Cinza C/ Molas",1069.29,2024-06-08
"Sofá Retrátil/reclinável Verona 2,00m Velut Cinza C/ Molas",998.06,2024-06-07
"Sofá Retrátil/reclinável Verona 2,00m Velut Cinza C/ Molas",1116.86,2024-06-06
"Sofá Retrátil/reclinável Verona 2,00m Velut Cinza C/ Molas",937.8,2024-06-05
Taiff Black Ion Secador De Cabelo Profissional Original2000w Cor Preto 110V,251.19,2024-06-11
Taiff Black Ion Secador De Cabelo Profissional Original2000w Cor Preto 110V,246.13,2024-06-10
Taiff Black Ion Secador De Cabelo Profissional Original2000w Cor Preto 110V,239.75,2024-06-09
Taiff Black Ion Secador De Cabelo Profissional Original2000w Cor Preto 110V,253.92,2024-06-08
Taiff Black Ion Secador De Cabelo Profissional Original2000w Cor Preto 110V,249.21,2024-06-07
Taiff Black Ion Secador De Cabelo Profissional Original2000w Cor Preto 110V,248.01,2024-06-06
Taiff Black Ion Secador De Cabelo Profissional Original2000w Cor Preto 110V,209.99,2024-06-05
Samsung Galaxy A15 Dual SIM 4G 256GB Azul claro 8GB RAM,983.79,2024-06-11
Samsung Galaxy A15 Dual SIM 4G 256GB Azul claro 8GB RAM,1121.19,2024-06-10
Samsung Galaxy A15 Dual SIM 4G 256GB Azul claro 8GB RAM,1103.11,2024-06-09
Samsung Galaxy A15 Dual SIM 4G 256GB Azul claro 8GB RAM,1016.5,2024-06-08
Samsung Galaxy A15 Dual SIM 4G 256GB Azul claro 8GB RAM,1017.51,2024-06-07
Samsung Galaxy A15 Dual SIM 4G 256GB Azul claro 8GB RAM,1065.0,2024-06-06
Samsung Galaxy A15 Dual SIM 4G 256GB Azul claro 8GB RAM,1133.71,2024-06-05
Smart Tv 32'' Ptv32g7pr2csblh Roku Led Philco Bivolt,1000.61,2024-06-11
Smart Tv 32'' Ptv32g7pr2csblh Roku Led Philco Bivolt,1083.96,2024-06-10
Smart Tv 32'' Ptv32g7pr2csblh Roku Led Philco Bivolt,912.94,2024-06-09
Smart Tv 32'' Ptv32g7pr2csblh Roku Led Philco Bivolt,1025.72,2024-06-08
Smart Tv 32'' Ptv32g7pr2csblh Roku Led Philco Bivolt,998.02,2024-06-07
Smart Tv 32'' Ptv32g7pr2csblh Roku Led Philco Bivolt,1020.27,2024-06-06
Smart Tv 32'' Ptv32g7pr2csblh Roku Led Philco Bivolt,931.62,2024-06-05
Impressora a cor multifuncional Epson EcoTank L3250 com wifi preta 220V,1033.99,2024-06-11
Impressora a cor multifuncional Epson EcoTank L3250 com wifi preta 220V,1006.04,2024-06-10
Impressora a cor multifuncional Epson EcoTank L3250 com wifi preta 220V,967.27,2024-06-09
Impressora a cor multifuncional Epson EcoTank L3250 com wifi preta 220V,1081.85,2024-06-08
Impressora a cor multifuncional Epson EcoTank L3250 com wifi preta 220V,897.3,2024-06-07
Impressora a cor multifuncional Epson EcoTank L3250 com wifi preta 220V,1082.84,2024-06-06
Impressora a cor multifuncional Epson EcoTank L3250 com wifi preta 220V,987.82,2024-06-05
Parafusadeira Furadeira Sem Fio Bateria 12v P/ Madeira Metal Cor Amarelo/Preto Frequência 60 110V/220V,175.48,2024-06-11
Parafusadeira Furadeira Sem Fio Bateria 12v P/ Madeira Metal Cor Amarelo/Preto Frequência 60 110V/220V,149.18,2024-06-10
Parafusadeira Furadeira Sem Fio Bateria 12v P/ Madeira Metal Cor Amarelo/Preto Frequência 60 110V/220V,174.31,2024-06-09
Parafusadeira Furadeira Sem Fio Bateria 12v P/ Madeira Metal Cor Amarelo/Preto Frequência 60 110V/220V,167.5,2024-06-08
Parafusadeira Furadeira Sem Fio Bateria 12v P/ Madeira Metal Cor Amarelo/Preto Frequência 60 110V/220V,147.6,2024-06-07
Parafusadeira Furadeira Sem Fio Bateria 12v P/ Madeira Metal Cor Amarelo/Preto Frequência 60 110V/220V,164.27,2024-06-06
Parafusadeira Furadeira Sem Fio Bateria 12v P/ Madeira Metal Cor Amarelo/Preto Frequência 60 110V/220V,153.03,2024-06-05
"Notebook Acer Aspire 5 A515-57-55b8 Intel Core I5 8gb 256gb SSD 15,6'' W11",2811.5,2024-06-11
"Notebook Acer Aspire 5 A515-57-55b8 Intel Core I5 8gb 256gb SSD 15,6'' W11",2759.43,2024-06-10
"Notebook Acer Aspire 5 A515-57-55b8 Intel Core I5 8gb 256gb SSD 15,6'' W11",2967.39,2024-06-09
"Notebook Acer Aspire 5 A515-57-55b8 Intel Core I5 8gb 256gb SSD 15,6'' W11",2696.72,2024-06-08
"Notebook Acer Aspire 5 A515-57-55b8 Intel Core I5 8gb 256gb SSD 15,6'' W11",2832.82,2024-06-07
"Notebook Acer Aspire 5 A515-57-55b8 Intel Core I5 8gb 256gb SSD 15,6'' W11",2530.78,2024-06-06
"Notebook Acer Aspire 5 A515-57-55b8 Intel Core I5 8gb 256gb SSD 15,6'' W11",2874.65,2024-06-05
Máquina de lavar automática Colormaq LCA - 12kg branca 127 V,1463.09,2024-06-11
Máquina de lavar automática Colormaq LCA - 12kg branca 127 V,1435.34,2024-06-10
Máquina de lavar automática Colormaq LCA - 12kg branca 127 V,1458.86,2024-06-09
Máquina de lavar automática Colormaq LCA - 12kg branca 127 V,1457.62,2024-06-08
Máquina de lavar automática Colormaq LCA - 12kg branca 127 V,1597.42,2024-06-07
Máquina de lavar automática Colormaq LCA - 12kg branca 127 V,1577.16,2024-06-06
Máquina de lavar automática Colormaq LCA - 12kg branca 127 V,1488.96,2024-06-05
Motorola Moto G84 5G 256GB Grafite 8GB RAM,1251.92,2024-06-11
Motorola Moto G84 5G 256GB Grafite 8GB RAM,1445.73,2024-06-10
Motorola Moto G84 5G 256GB Grafite 8GB RAM,1377.45,2024-06-09
Motorola Moto G84 5G 256GB Grafite 8GB RAM,1454.25,2024-06-08
Motorola Moto G84 5G 256GB Grafite 8GB RAM,1381.45,2024-06-07
Motorola Moto G84 5G 256GB Grafite 8GB RAM,1421.85,2024-06-06
Motorola Moto G84 5G 256GB Grafite 8GB RAM,1281.89,2024-06-05
Smart Tv Led 32 Hd Samsung Ls32betblggxzd 2 Hdmi 1 Usb Wifi,1168.2,2024-06-11
Smart Tv Led 32 Hd Samsung Ls32betblggxzd 2 Hdmi 1 Usb Wifi,1240.45,2024-06-10
Smart Tv Led 32 Hd Samsung Ls32betblggxzd 2 Hdmi 1 Usb Wifi,1181.98,2024-06-09
Smart Tv Led 32 Hd Samsung Ls32betblggxzd 2 Hdmi 1 Usb Wifi,1101.9,2024-06-08
Smart Tv Led 32 Hd Samsung Ls32betblggxzd 2 Hdmi 1 Usb Wifi,1140.52,2024-06-07
Smart Tv Led 32 Hd Samsung Ls32betblggxzd 2 Hdmi 1 Usb Wifi,1220.81,2024-06-06
Smart Tv Led 32 Hd Samsung Ls32betblggxzd 2 Hdmi 1 Usb Wifi,1127.62,2024-06-05
Cozinha Compacta Suspensa 7 Pts 2 Gavetas Juliete Nicioli Cor Carvalho Nature/Chumbo,372.51,2024-06-11
Cozinha Compacta Suspensa 7 Pts 2 Gavetas Juliete Nicioli Cor Carvalho Nature/Chumbo,411.13,2024-06-10
Cozinha Compacta Suspensa 7 Pts 2 Gavetas Juliete Nicioli Cor Carvalho Nature/Chumbo,402.81,2024-06-09
Cozinha Compacta Suspensa 7 Pts 2 Gavetas Juliete Nicioli Cor Carvalho Nature/Chumbo,417.57,2024-06-08
Cozinha Compacta Suspensa 7 Pts 2 Gavetas Juliete Nicioli Cor Carvalho Nature/Chumbo,426.97,2024-06-07
Cozinha Compacta Suspensa 7 Pts 2 Gavetas Juliete Nicioli Cor Carvalho Nature/Chumbo,429.59,2024-06-06
Cozinha Compacta Suspensa 7 Pts 2 Gavetas Juliete Nicioli Cor Carvalho Nature/Chumbo,365.4,2024-06-05
Micro-ondas NN-ST66NBRU 34L Black Glass Potência de 900W Cor Preto Panasonic 110V,720.71,2024-06-11
Micro-ondas NN-ST66NBRU 34L Black Glass Potência de 900W Cor Preto Panasonic 110V,630.33,2024-06-10
Micro-ondas NN-ST66NBRU 34L Black Glass Potência de 900W Cor Preto Panasonic 110V,682.65,2024-06-09
Micro-ondas NN-ST66NBRU 34L Black Glass Potência de 900W Cor Preto Panasonic 110V,740.22,2024-06-08
Micro-ondas NN-ST66NBRU 34L Black Glass Potência de 900W Cor Preto Panasonic 110V,720.16,2024-06-07
Micro-ondas NN-ST66NBRU 34L Black Glass Potência de 900W Cor Preto Panasonic 110V,722.03,2024-06-06
Micro-ondas NN-ST66NBRU 34L Black Glass Potência de 900W Cor Preto Panasonic 110V,664.54,2024-06-05
Kit 2 Câmera Ip Wifi Dome Rotativa Visão Noturna A8 Cor Branco,199.09,2024-06-11
Kit 2 Câmera Ip Wifi Dome Rotativa Visão Noturna A8 Cor Branco,193.25,2024-06-10
Kit 2 Câmera Ip Wifi Dome Rotativa Visão Noturna A8 Cor Branco,194.64,2024-06-09
Kit 2 Câmera Ip Wifi Dome Rotativa Visão Noturna A8 Cor Branco,193.96,2024-06-08
Kit 2 Câmera Ip Wifi Dome Rotativa Visão Noturna A8 Cor Branco,181.75,2024-06-07
Kit 2 Câmera Ip Wifi Dome Rotativa Visão Noturna A8 Cor Branco,178.98,2024-06-06
Kit 2 Câmera Ip Wifi Dome Rotativa Visão Noturna A8 Cor Branco,179.48,2024-06-05
Console padrão Ps5 Slim Bundle Ratchet & Clank and Returnal Cor Branco,3663.22,2024-06-11
Console padrão Ps5 Slim Bundle Ratchet & Clank and Returnal Cor Branco,3873.53,2024-06-10
Console padrão Ps5 Slim Bundle Ratchet & Clank and Returnal Cor Branco,3640.63,2024-06-09
Console padrão Ps5 Slim Bundle Ratchet & Clank and Returnal Cor Branco,3850.28,2024-06-08
Console padrão Ps5 Slim Bundle Ratchet & Clank and Returnal Cor Branco,3667.83,2024-06-07
Console padrão Ps5 Slim Bundle Ratchet & Clank and Returnal Cor Branco,3548.03,2024-06-06
Console padrão Ps5 Slim Bundle Ratchet & Clank and Returnal Cor Branco,4048.1,2024-06-05
Motorola Moto G24 128GB Rosa 8GB RAM,720.32,2024-06-11
Motorola Moto G24 128GB Rosa 8GB RAM,682.61,2024-06-10
Motorola Moto G24 128GB Rosa 8GB RAM,794.75,2024-06-09
Motorola Moto G24 128GB Rosa 8GB RAM,722.19,2024-06-08
Motorola Moto G24 128GB Rosa 8GB RAM,743.75,2024-06-07
Motorola Moto G24 128GB Rosa 8GB RAM,705.2,2024-06-06
Motorola Moto G24 128GB Rosa 8GB RAM,696.71,2024-06-05
Smart TV LG AI ThinQ 43LM631C0SB LED webOS Full HD 43'' 100V/240V,1550.85,2024-06-11
Smart TV LG AI ThinQ 43LM631C0SB LED webOS Full HD 43'' 100V/240V,1692.52,2024-06-10
Smart TV LG AI ThinQ 43LM631C0SB LED webOS Full HD 43'' 100V/240V,1613.11,2024-06-09
Smart TV LG AI ThinQ 43LM631C0SB LED webOS Full HD 43'' 100V/240V,1730.87,2024-06-08
Smart TV LG AI ThinQ 43LM631C0SB LED webOS Full HD 43'' 100V/240V,1653.35,2024-06-07
Smart TV LG AI ThinQ 43LM631C0SB LED webOS Full HD 43'' 100V/240V,1679.03,2024-06-06
Smart TV LG AI ThinQ 43LM631C0SB LED webOS Full HD 43'' 100V/240V,1642.12,2024-06-05
Micro-ondas Efficient 23 Litros Me23b Branco Electrolux 110v,580.79,2024-06-11
Micro-ondas Efficient 23 Litros Me23b Branco Electrolux 110v,552.42,2024-06-10
Micro-ondas Efficient 23 Litros Me23b Branco Electrolux 110v,598.73,2024-06-09
Micro-ondas Efficient 23 Litros Me23b Branco Electrolux 110v,631.24,2024-06-08
Micro-ondas Efficient 23 Litros Me23b Branco Electrolux 110v,623.25,2024-06-07
Micro-ondas Efficient 23 Litros Me23b Branco Electrolux 110v,596.56,2024-06-06
Micro-ondas Efficient 23 Litros Me23b Branco Electrolux 110v,643.62,2024-06-05
Loção hidratante Cerave Com Ácido Hialurônico Sem Perfume 473ml,79.41,2024-06-11
Loção hidratante Cerave Com Ácido Hialurônico Sem Perfume 473ml,73.06,2024-06-10
Loção hidratante Cerave Com Ácido Hialurônico Sem Perfume 473ml,71.41,2024-06-09
Loção hidratante Cerave Com Ácido Hialurônico Sem Perfume 473ml,75.02,2024-06-08
Loção hidratante Cerave Com Ácido Hialurônico Sem Perfume 473ml,79.17,2024-06-07
Loção hidratante Cerave Com Ácido Hialurônico Sem Perfume 473ml,86.34,2024-06-06
Loção hidratante Cerave Com Ácido Hialurônico Sem Perfume 473ml,84.58,2024-06-05
Notebook Lenovo Ideapad Celeron 4gb 128ssd 15.6 W11 C/office Cor Cinza,1738.32,2024-06-11
Notebook Lenovo Ideapad Celeron 4gb 128ssd 15.6 W11 C/office Cor Cinza,1734.98,2024-06-10
Notebook Lenovo Ideapad Celeron 4gb 128ssd 15.6 W11 C/office Cor Cinza,1719.25,2024-06-09
Notebook Lenovo Ideapad Celeron 4gb 128ssd 15.6 W11 C/office Cor Cinza,1828.42,2024-06-08
Notebook Lenovo Ideapad Celeron 4gb 128ssd 15.6 W11 C/office Cor Cinza,1838.88,2024-06-07
Notebook Lenovo Ideapad Celeron 4gb 128ssd 15.6 W11 C/office Cor Cinza,1924.82,2024-06-06
Notebook Lenovo Ideapad Celeron 4gb 128ssd 15.6 W11 C/office Cor Cinza,1720.56,2024-06-05
Samsung Galaxy A15 128gb Azul-escuro 4gb RAM Tela 6.5 90hz 5G Dual SIM,993.96,2024-06-11
Samsung Galaxy A15 128gb Azul-escuro 4gb RAM Tela 6.5 90hz 5G Dual SIM,842.09,2024-06-10
Samsung Galaxy A15 128gb Azul-escuro 4gb RAM Tela 6.5 90hz 5G Dual SIM,880.03,2024-06-09
Samsung Galaxy A15 128gb Azul-escuro 4gb RAM Tela 6.5 90hz 5G Dual SIM,995.86,2024-06-08
Samsung Galaxy A15 128gb Azul-escuro 4gb RAM Tela 6.5 90hz 5G Dual SIM,1008.63,2024-06-07
Samsung Galaxy A15 128gb Azul-escuro 4gb RAM Tela 6.5 90hz 5G Dual SIM,908.31,2024-06-06
Samsung Galaxy A15 128gb Azul-escuro 4gb RAM Tela 6.5 90hz 5G Dual SIM,845.75,2024-06-05
Fritadeira Air Fryer New Pratic Af-31 Preto Mondial 127v,309.08,2024-06-11
Fritadeira Air Fryer New Pratic Af-31 Preto Mondial 127v,284.65,2024-06-10
Fritadeira Air Fryer New Pratic Af-31 Preto Mondial 127v,288.91,2024-06-09
Fritadeira Air Fryer New Pratic Af-31 Preto Mondial 127v,308.18,2024-06-08
Fritadeira Air Fryer New Pratic Af-31 Preto Mondial 127v,298.81,2024-06-07
Fritadeira Air Fryer New Pratic Af-31 Preto Mondial 127v,300.84,2024-06-06
Fritadeira Air Fryer New Pratic Af-31 Preto Mondial 127v,274.16,2024-06-05
Modulo Taramps Ts400x4 400w 2 Ohms Rca Ts 400x4 4 Canais 100w Amplificador 400rms T400 4 Canais Potencia Taramps Som Para Carro Moto Caminhonete Automotivo,199.41,2024-06-11
Modulo Taramps Ts400x4 400w 2 Ohms Rca Ts 400x4 4 Canais 100w Amplificador 400rms T400 4 Canais Potencia Taramps Som Para Carro Moto Caminhonete Automotivo,185.93,2024-06-10
Modulo Taramps Ts400x4 400w 2 Ohms Rca Ts 400x4 4 Canais 100w Amplificador 400rms T400 4 Canais Potencia Taramps Som Para Carro Moto Caminhonete Automotivo,176.61,2024-06-09
Modulo Taramps Ts400x4 400w 2 Ohms Rca Ts 400x4 4 Canais 100w Amplificador 400rms T400 4 Canais Potencia Taramps Som Para Carro Moto Caminhonete Automotivo,191.5,2024-06-08
Modulo Taramps Ts400x4 400w 2 Ohms Rca Ts 400x4 4 Canais 100w Amplificador 400rms T400 4 Canais Potencia Taramps Som Para Carro Moto Caminhonete Automotivo,179.44,2024-06-07
Modulo Taramps Ts400x4 400w 2 Ohms Rca Ts 400x4 4 Canais 100w Amplificador 400rms T400 4 Canais Potencia Taramps Som Para Carro Moto Caminhonete Automotivo,183.79,2024-06-06
Modulo Taramps Ts400x4 400w 2 Ohms Rca Ts 400x4 4 Canais 100w Amplificador 400rms T400 4 Canais Potencia Taramps Som Para Carro Moto Caminhonete Automotivo,190.83,2024-06-05
Smart TV 50'' Crystal UHD 4K 50CU8000 Design Air Slim 2023 Cor Cinza Titan Samsung 110V/220V,2161.64,2024-06-11
Smart TV 50'' Crystal UHD 4K 50CU8000 Design Air Slim 2023 Cor Cinza Titan Samsung 110V/220V,2580.75,2024-06-10
Smart TV 50'' Crystal UHD 4K 50CU8000 Design Air Slim 2023 Cor Cinza Titan Samsung 110V/220V,2245.05,2024-06-09
Smart TV 50'' Crystal UHD 4K 50CU8000 Design Air Slim 2023 Cor Cinza Titan Samsung 110V/220V,2507.78,2024-06-08
Smart TV 50'' Crystal UHD 4K 50CU8000 Design Air Slim 2023 Cor Cinza Titan Samsung 110V/220V,2186.18,2024-06-07
Smart TV 50'' Crystal UHD 4K 50CU8000 Design Air Slim 2023 Cor Cinza Titan Samsung 110V/220V,2212.84,2024-06-06
Smart TV 50'' Crystal UHD 4K 50CU8000 Design Air Slim 2023 Cor Cinza Titan Samsung 110V/220V,2150.26,2024-06-05
